4db4461c-b16,f01c46be-a51,Inappropriate
350f925c-836,c0361561-05b,Inappropriate
7ca25539-ce7,c0361561-05b,Counterfeit
735c4f7d-66a,f402dae7-f52,Inappropriate
245a79f5-888,baa5c1f2-752,Counterfeit
de5fa657-a6b,b0173cc0-f87,Counterfeit
458f5c24-863,f1e2d696-c2d,Inappropriate
b1f9f02f-46f,414c76e6-6f3,Counterfeit
6c271de3-ea8,414c76e6-6f3,Counterfeit
6046f357-74a,02ccfb04-695,Counterfeit
bee3741a-dec,b4ca9a89-e68,Inappropriate
920772f3-ac2,ffc2b62c-4c7,Counterfeit
cd7d998a-73f,33fd7fc1-382,Inappropriate
d9318fdb-da8,8c39c92a-02c,Inappropriate
5317b4b1-d80,dbfc3689-fc7,Counterfeit
c9f80d9f-849,a870dcb8-672,Counterfeit
d17375a3-382,0f6365ff-5d9,Counterfeit
d3632079-058,414c76e6-6f3,Counterfeit
c078dee7-e1e,f93a20f2-3a8,Inappropriate
3b378bac-06d,02ccfb04-695,Inappropriate
740822a4-565,74987ee9-109,Counterfeit
a50a1fa0-f24,b0173cc0-f87,Inappropriate
6a7fc918-062,f1e2d696-c2d,Counterfeit
432fce3f-a56,fbfa8c4d-ba1,Inappropriate
7dc625e3-b66,8c39c92a-02c,Inappropriate
19394410-781,74987ee9-109,Inappropriate
76e05a5b-123,a870dcb8-672,Inappropriate
68bfbb63-4ea,414c76e6-6f3,Inappropriate
61b4a908-c00,fbfa8c4d-ba1,Inappropriate
0ff1a833-040,b4ca9a89-e68,Counterfeit
