aabcd92e-685,induced have,Public Service
13ec4a2c-fd2,Hartfield him,Public Service
8ab4cb14-8a0,together has,Finance
593701b0-5ce,body she,Newspaper/Media
1613b36a-241, be,Fashion
db84ec2d-d2b, good,Health Services
005b26cc-7e5,hems think,"Arts, Entertainment, Recreation"
87fb71eb-03a,might happy,Finance
618501a7-e8b,of the,Leisure and Hospitality
f21ee29a-c21,is very,Newspaper/Media
a14c7419-975,was honour,Leisure and Hospitality
52b50714-10f,comfortably Do,Leisure and Hospitality
5207867c-8ae,my and,Leisure and Hospitality
6495ab7f-135,and the,Finance
aa2420d0-d00,completely do,Leisure and Hospitality
13d9aec3-079,and it,"Arts, Entertainment, Recreation"
4db9f9c7-f59,word Weston,Newspaper/Media
ecf9ba68-1a5,lady The,"Arts, Entertainment, Recreation"
82d39b94-0a2,telling me,Education
a7474cd8-9ad,connected Bates,"Arts, Entertainment, Recreation"
16e55608-eb0,offended ,Education
0c79d463-9d4, schoolroom,Accomodation and Food Services
13037b6e-651,and ,Newspaper/Media
03e33db5-1fe,sitting ,Fashion
4b817b97-456,had Fairfax,"Arts, Entertainment, Recreation"
c63bfd3c-f80,no from,Public Service
1f34cace-8fa, of,Public Service
7eb54243-531,be being,Leisure and Hospitality
7e74163a-393,I ,Finance
5e5bc958-4a2,capable no,"Arts, Entertainment, Recreation"
