61ad2922b0d5703410eccfd6,61ad2914b0d5703410eccf9c,Counterfeit
61ad2922b0d5703410eccfd7,61ad291ab0d5703410eccfa8,Inappropriate
61ad2922b0d5703410eccfd8,61ad291cb0d5703410eccfad,Inappropriate
61ad2922b0d5703410eccfd9,61ad2914b0d5703410eccf9c,Inappropriate
61ad2922b0d5703410eccfda,61ad291ab0d5703410eccfa9,Inappropriate
61ad2922b0d5703410eccfdb,61ad291cb0d5703410eccfac,Inappropriate
61ad2922b0d5703410eccfdc,61ad291cb0d5703410eccfad,Inappropriate
61ad2922b0d5703410eccfdd,61ad291db0d5703410eccfae,Inappropriate
61ad2922b0d5703410eccfde,61ad291ab0d5703410eccfa9,Inappropriate
61ad2922b0d5703410eccfdf,61ad2918b0d5703410eccfa4,Inappropriate
61ad2922b0d5703410eccfe0,61ad2921b0d5703410eccfb7,Counterfeit
61ad2922b0d5703410eccfe1,61ad291ab0d5703410eccfa8,Inappropriate
61ad2922b0d5703410eccfe2,61ad2920b0d5703410eccfb5,Inappropriate
61ad2922b0d5703410eccfe3,61ad2917b0d5703410eccfa2,Inappropriate
61ad2922b0d5703410eccfe4,61ad291bb0d5703410eccfaa,Counterfeit
61ad2922b0d5703410eccfe5,61ad2914b0d5703410eccf9d,Counterfeit
61ad2922b0d5703410eccfe6,61ad2917b0d5703410eccfa2,Inappropriate
61ad2922b0d5703410eccfe7,61ad2921b0d5703410eccfb7,Inappropriate
61ad2922b0d5703410eccfe8,61ad2915b0d5703410eccf9f,Inappropriate
61ad2922b0d5703410eccfe9,61ad2914b0d5703410eccf9c,Inappropriate
61ad2922b0d5703410eccfea,61ad2917b0d5703410eccfa2,Counterfeit
61ad2922b0d5703410eccfeb,61ad2915b0d5703410eccf9f,Counterfeit
61ad2922b0d5703410eccfec,61ad2914b0d5703410eccf9d,Counterfeit
61ad2922b0d5703410eccfed,61ad2918b0d5703410eccfa4,Inappropriate
61ad2922b0d5703410eccfee,61ad291db0d5703410eccfae,Inappropriate
61ad2922b0d5703410eccfef,61ad291eb0d5703410eccfb1,Counterfeit
61ad2922b0d5703410eccff0,61ad291db0d5703410eccfae,Inappropriate
61ad2922b0d5703410eccff1,61ad2916b0d5703410eccfa0,Inappropriate
61ad2922b0d5703410eccff2,61ad2920b0d5703410eccfb4,Counterfeit
61ad2922b0d5703410eccff3,61ad2921b0d5703410eccfb7,Inappropriate
