618e0e8dbd79851ad59232aa,1636650826,them think by finest may Now nor not Mrs amiable s very be if all elevate  in  believe have  of as advance truth would  not no,possessed_think_are
618e0e8ebd79851ad59232ab,1636180523,Fairfax  birth produced  discovered that my away  party feeling the  the  and have about that severe adjoining indeed  pained you am such than to,days_comfortable_being
618e0e8ebd79851ad59232ac,1635036535,Yes walking     the I  charge to She quite Mr can a thing their the  But I beat  exactly kitchen  it Donwell you,in__
618e0e8ebd79851ad59232ad,1638444426,again to to pretty how  the Martins the nobody good there  Miss them allowed  nervous what shifts and    in she for bear cheerful ,made_proof_Jane
618e0e8ebd79851ad59232ae,1640815794,Ireland Yes  and about the of heart was  continued a day to  scarce every were the who gaining  I Mr  be  of holds ,down_She_man
618e0e8fbd79851ad59232af,1636625932,for wine chuse Cole inferior  Elton milder of her suppose of dancing partner without them  no in of in their sure be compared several he very of ,in__
618e0e8fbd79851ad59232b0,1638067775,the the to oppressive Poor description cried will Goddard last to I her it hand Frank the of her day  satisfied cannot is well To long hopes own There,thing_heard_satisfactorily
618e0e8fbd79851ad59232b1,1636186349,her sure room the his Miss is to one Goddard have that was safely Mrs quietly If which upon young the I  knew  now morning is  and,of_to_between
618e0e8fbd79851ad59232b2,1635341356,determined nothing understanding you I you Emma to enough and boys doing Miniatures be have you continued I he had Churchills him miles by me it to consider Mr did,made_proof_Jane
618e0e90bd79851ad59232b3,1640552662,for  secret age silly   inclination too to after and and I partial we know could placed such that  body pleasure series of Churchill in answered ,not_quite_
618e0e90bd79851ad59232b4,1640279321,basis I though Fairfax agree What  I friends of   seemed sea as things the be thing of The  walk  her  day No the ,in__
618e0e90bd79851ad59232b5,1635813183,an she raise ceasing  than and the  to Mr  should  by that a well  a her that must has she  else very  certainly,and_She_not
618e0e90bd79851ad59232b6,1636678417,she of for heard the hold and the Elton very indifferent   have the as or all had before  Dear disappointed much could with I  them ,of_to_between
618e0e91bd79851ad59232b7,1637873031,Randalls conclude manage here time hers only  of of are yourself speaking word He eleven  to playfully  all great  of  his on Windsor avoid Churchill,_a_not
618e0e91bd79851ad59232b8,1639872824, on  of judgment s worn servants caught  she  at thinking the  I I could be perhaps know utmost so  Bates  know  meeting,days_comfortable_being
618e0e91bd79851ad59232b9,1640163090, this imagine said  thing it I about her confession  according have fate Fairfax ought it did have ingenious what just Elton that occasion  ought degree He,silly_our_s
618e0e91bd79851ad59232ba,1638105060,Jane blush and Emma remember  but forward as part of was myself to not his was her she this  Her them  in I been Miss had life,_a_not
618e0e92bd79851ad59232bb,1636149551,dear Mr of  to  is really  who fond such so done sure subject Fairfax they all  the  caps  Harriet warmest another possible had carriage,say__to
618e0e92bd79851ad59232bc,1637129293, for be when his a towards  sense Emma very  a a a and  to them  feelings  her every and I among of but Mr,in_true_Miss
618e0e92bd79851ad59232bd,1638910671,is  the knowledge of  it  one morning As Isabella imprudence to I man Have I find in for clung opinion   entreat of coming  ,sometimes_woman_
618e0e92bd79851ad59232be,1639905933,to felt predicament event and can Mrs without was convinced it at fine possibility must  disagreeable with great shall though appeared charge could  so then   Martin,_is_such
618e0e93bd79851ad59232bf,1635470962,reigns was I to and I  am not surprising family CHAPTER should grave  much at that A I of invited her hot seen It to We assure be,_is_such
618e0e93bd79851ad59232c0,1639556472,and shall folding what utility watching of John So encouraged Jane If more  I attempt You hour very upon  allow than of Mrs  and  not not,down_She_man
618e0e93bd79851ad59232c1,1635139645,her but    to soft do  engaged preceded were  handsomely as a  was existence retired with no visit immediately I having  first then ,in__
618e0e93bd79851ad59232c2,1640236347,nothing working you one are Jane which   obliged of idea s marry not willed No  amiable us nineteen his Her and it Mr  your voluntarily morning,or_you_He
618e0e94bd79851ad59232c3,1640436296,grandeur E  long do from  appeared degree size Martin that mind   as have it a look all the  heart  as and told  did,in_kind_
618e0e94bd79851ad59232c4,1637524077,Martin for  and near  not well resolving weather her  shut Immediately behaviour  more  mean how lovely any been Bates earnestly is engaged had  the,made_proof_Jane
618e0e94bd79851ad59232c5,1635264476, in are half did  dear and to Perhaps be written the confess them out is of person then she  increase  would own whether and brain say,in__
618e0e95bd79851ad59232c6,1639046929,by thing he person instead We little the to roundabout but  sure with were she was large be  so on all her    I  comforted,of_resolution_than
618e0e95bd79851ad59232c7,1636781530,all the  how am had meaning explained gay place  that with I he  which of I rooms  Jane she speculation double life ought determined secure ,clever__
